{
  "timestamp": "2025-11-06T00:09:59.311933",
  "models": {
    "Simple_SteganoGAN": {
      "type": "simple",
      "imperceptibility": {
        "ssim": {
          "mean": 0.9506576420176632,
          "std": 0.01687051843221767,
          "median": 0.9536621101894616,
          "min": 0.8992925495516659,
          "max": 0.9679699366140547,
          "ci_95": [
            0.906957121091562,
            0.9679173055647354
          ]
        },
        "psnr": {
          "mean": 39.13444112580763,
          "std": 2.925538571488525,
          "median": 40.30004996364009,
          "min": 29.60141715467236,
          "max": 41.6383289269033,
          "ci_95": [
            31.217886353946387,
            41.6084393691324
          ]
        },
        "mse": {
          "mean": 11.318111356099447,
          "std": 15.01190933297722,
          "median": 6.068492889404297,
          "min": 4.459102630615234,
          "max": 71.27523295084636,
          "ci_95": [
            4.490015029907227,
            52.88353678385411
          ]
        },
        "mae": {
          "mean": 1.933776028951009,
          "std": 0.6048141907910931,
          "median": 1.7308470408121743,
          "min": 1.4546724955240886,
          "max": 4.3314971923828125,
          "ci_95": [
            1.4980187098185223,
            3.4242853164672824
          ]
        },
        "hist_correlation": {
          "mean": 0.9991337252665421,
          "std": 0.0010666703637800337,
          "median": 0.9995130046180578,
          "min": 0.9963054613094546,
          "max": 0.9999752927078951,
          "ci_95": [
            0.9963139290861537,
            0.9999670778956572
          ]
        }
      },
      "cryptographic_security": {
        "entropy": {
          "mean": 7.994437619348425,
          "std": 0.001500380066241451,
          "ci_95": [
            7.991530808471226,
            7.996144813032436
          ]
        },
        "bit_entropy": {
          "mean": 0.999875709764966,
          "std": 0.00016839391429679737,
          "ci_95": [
            0.9994957581122184,
            0.9999942658323876
          ]
        },
        "ks_statistic": {
          "mean": 0.012521409401278563,
          "std": 0.004323804095918784,
          "ci_95": [
            0.008279511304182858,
            0.02191260436523553
          ]
        },
        "anderson_statistic": {
          "mean": 4580.681120417721,
          "std": 497.38413657917977,
          "ci_95": [
            3948.705598830308,
            5546.190497778812
          ]
        },
        "randomness_score": {
          "mean": 0.9867925200040908,
          "std": 0.004441043689888073,
          "ci_95": [
            0.9771475378029185,
            0.9912347512294161
          ]
        },
        "key_space_bits": 0
      },
      "robustness": {
        "jpeg_q95": {
          "success_rate": 0.0,
          "std": 0.0,
          "total_tests": 10
        },
        "jpeg_q85": {
          "success_rate": 0.0,
          "std": 0.0,
          "total_tests": 10
        },
        "jpeg_q75": {
          "success_rate": 0.0,
          "std": 0.0,
          "total_tests": 10
        },
        "jpeg_q50": {
          "success_rate": 0.0,
          "std": 0.0,
          "total_tests": 10
        },
        "gaussian_noise": {
          "success_rate": 0.0,
          "std": 0.0,
          "total_tests": 10
        }
      },
      "steganalysis_resistance": {
        "detection_rate": 1.0,
        "stealth_score": 0.0,
        "mean_chi2": 40922503.87404275
      },
      "attack_simulation": {
        "note": "No encryption - attack tests not applicable"
      },
      "performance": {
        "encode_time": {
          "mean": 0.37877621650695803,
          "std": 0.022091679860940402,
          "median": 0.3773529529571533
        },
        "decode_time": {
          "mean": 4.265478757711557,
          "std": 0.5634595554614125,
          "median": 4.427619695663452
        }
      }
    },
    "AES_SteganoGAN": {
      "type": "aes",
      "imperceptibility": {
        "ssim": {
          "mean": 0.928838500685955,
          "std": 0.02366771709290157,
          "median": 0.9333522047308425,
          "min": 0.8643510749545733,
          "max": 0.9614073000072597,
          "ci_95": [
            0.8732532832283659,
            0.9580406663483478
          ]
        },
        "psnr": {
          "mean": 37.69874690322938,
          "std": 2.6906809323952583,
          "median": 38.73536937136956,
          "min": 28.53744945846835,
          "max": 40.26163736683892,
          "ci_95": [
            30.652154582330933,
            40.13784176974707
          ]
        },
        "mse": {
          "mean": 14.887693468729655,
          "std": 18.415515669267215,
          "median": 8.700498580932617,
          "min": 6.122328440348308,
          "max": 91.06162897745769,
          "ci_95": [
            6.302188110351563,
            63.325076452890954
          ]
        },
        "mae": {
          "mean": 2.278464317321778,
          "std": 0.683235350456257,
          "median": 2.070414225260417,
          "min": 1.6870053609212239,
          "max": 4.988145192464192,
          "ci_95": [
            1.7541767120361327,
            3.9628930091857875
          ]
        },
        "hist_correlation": {
          "mean": 0.9989305399521091,
          "std": 0.001533003500733984,
          "median": 0.999467702469357,
          "min": 0.9929508996444356,
          "max": 0.9999751283024486,
          "ci_95": [
            0.9953412225954175,
            0.9999657532081311
          ]
        }
      },
      "cryptographic_security": {
        "entropy": {
          "mean": 7.995788928303962,
          "std": 0.0010776769270180197,
          "ci_95": [
            7.993525448743936,
            7.996914564566031
          ]
        },
        "bit_entropy": {
          "mean": 0.999942964055513,
          "std": 4.759395023174449e-05,
          "ci_95": [
            0.9998729190599722,
            0.9999983932771946
          ]
        },
        "ks_statistic": {
          "mean": 0.010024923757771108,
          "std": 0.0020821495971817105,
          "ci_95": [
            0.007185063799120822,
            0.01317380820761232
          ]
        },
        "anderson_statistic": {
          "mean": 4844.913473449886,
          "std": 427.61081698119,
          "ci_95": [
            4367.289907162963,
            5676.37186513748
          ]
        },
        "randomness_score": {
          "mean": 0.9894541028821247,
          "std": 0.0021477589418694406,
          "ci_95": [
            0.9861832991957685,
            0.9923896862178836
          ]
        },
        "key_space_bits": 256
      },
      "robustness": {
        "jpeg_q95": {
          "success_rate": 0.0,
          "std": 0.0,
          "total_tests": 10
        },
        "jpeg_q85": {
          "success_rate": 0.0,
          "std": 0.0,
          "total_tests": 10
        },
        "jpeg_q75": {
          "success_rate": 0.0,
          "std": 0.0,
          "total_tests": 10
        },
        "jpeg_q50": {
          "success_rate": 0.0,
          "std": 0.0,
          "total_tests": 10
        },
        "gaussian_noise": {
          "success_rate": 0.0,
          "std": 0.0,
          "total_tests": 10
        }
      },
      "steganalysis_resistance": {
        "detection_rate": 1.0,
        "stealth_score": 0.0,
        "mean_chi2": 35655613.90628052
      },
      "attack_simulation": {
        "wrong_password": {
          "block_rate": 1.0,
          "blocked": 40,
          "total": 40
        }
      },
      "performance": {
        "encode_time": {
          "mean": 0.5678501129150391,
          "std": 0.0752522535257754,
          "median": 0.5583741664886475
        },
        "decode_time": {
          "mean": 10.048252940177917,
          "std": 1.8026022633405396,